{
    "naive_bayes_best_score": 0.9178354371201497,
    "logistic_regression_best_score": 0.9200327255726976,
    "average_num_participantes_res": 35
}